,0,1,2,3,4,5
0,-0.7294596987695131,0.7746087071012395,0.4647143263358591,-0.8303455209793849,-1.025240562435285,1.1589071116490126
1,0.9902831318432667,-1.1736725464109878,0.7817670335703136,1.2043179311914745,-1.025240562435285,-0.8628819255212755
2,-0.8199724793280804,-0.6054238474699215,-0.0637068523882319,1.2043179311914745,0.9753808390341768,-0.8628819255212755
3,0.08515532625759312,-1.295440124755502,0.9931355050599501,1.2043179311914745,0.9753808390341768,-0.8628819255212755
4,0.809257570726132,-0.19953191965487416,0.9931355050599501,1.2043179311914745,-1.025240562435285,1.1589071116490126
5,-0.7294596987695131,0.7340195143197348,0.1476616191014045,-0.8303455209793849,0.9753808390341768,-0.8628819255212755
6,-0.8199724793280804,1.018143863790268,-0.0637068523882319,-0.8303455209793849,-1.025240562435285,1.1589071116490126
7,0.5377192290504299,1.3834465988238107,-1.1205492098364138,-0.8303455209793849,-1.025240562435285,1.1589071116490126
8,-0.0053574543009742214,-0.7271914258144357,0.5703985620806773,1.2043179311914745,-1.025240562435285,1.1589071116490126
9,0.9902831318432667,0.2875383937231827,0.3590300905910409,1.2043179311914745,0.9753808390341768,-0.8628819255212755
10,-0.6389469182109457,0.8963762854457538,0.5703985620806773,-0.8303455209793849,0.9753808390341768,-0.8628819255212755
11,-0.8199724793280804,0.9369654782272585,-0.48644379536750465,-0.8303455209793849,-1.025240562435285,1.1589071116490126
12,0.5377192290504299,0.20636000816017322,-0.27507532387786826,-0.8303455209793849,-1.025240562435285,1.1589071116490126
13,-0.8199724793280804,0.5310735504122112,-0.27507532387786826,-0.8303455209793849,-1.025240562435285,1.1589071116490126
14,-0.8199724793280804,1.0993222493532775,0.3590300905910409,-0.8303455209793849,-1.025240562435285,1.1589071116490126
15,1.8954109374289403,0.7340195143197348,0.6760827978254954,-0.8303455209793849,0.9753808390341768,-0.8628819255212755
16,-0.8199724793280804,1.342857406042306,-1.0148649740915956,-0.8303455209793849,-1.025240562435285,1.1589071116490126
17,0.08515532625759312,-0.07776434131035996,-0.697812266857141,-0.8303455209793849,-1.025240562435285,1.1589071116490126
18,-0.8199724793280804,0.5310735504122112,-0.8034965026019593,1.2043179311914745,0.9753808390341768,-0.8628819255212755
19,-0.8199724793280804,1.3022682132608012,0.2533458548462227,-0.8303455209793849,-1.025240562435285,-0.8628819255212755
20,1.4428470346361033,-1.0924941608479783,0.6760827978254954,1.2043179311914745,0.9753808390341768,-0.8628819255212755
21,-0.8199724793280804,1.5458033699498295,-0.48644379536750465,-0.8303455209793849,0.9753808390341768,-0.8628819255212755
22,-0.8199724793280804,0.12518162259716373,-0.1693910881330501,-0.8303455209793849,-1.025240562435285,1.1589071116490126
23,-0.8199724793280804,-0.4024778835623979,-0.0637068523882319,-0.8303455209793849,-1.025240562435285,1.1589071116490126
24,-0.36740857653524367,-0.686602233032931,-1.1205492098364138,-0.8303455209793849,-1.025240562435285,1.1589071116490126
25,-0.8199724793280804,-1.0924941608479783,-0.9091807383467775,-0.8303455209793849,-1.025240562435285,1.1589071116490126
26,-1.6345875043551867,-1.133083353629483,0.9931355050599501,-0.8303455209793849,0.9753808390341768,-0.8628819255212755
27,-0.09587023485954155,-0.686602233032931,0.3590300905910409,-0.8303455209793849,0.9753808390341768,-0.8628819255212755
28,-0.8199724793280804,0.9369654782272585,0.4647143263358591,-0.8303455209793849,-1.025240562435285,1.1589071116490126
29,-0.8199724793280804,-1.5795644742260353,0.7817670335703136,1.2043179311914745,0.9753808390341768,-0.8628819255212755
30,1.4428470346361033,-1.7419212453520543,-0.1693910881330501,1.2043179311914745,0.9753808390341768,-0.8628819255212755
31,-0.8199724793280804,1.4240357916053155,-0.48644379536750465,-0.8303455209793849,-1.025240562435285,1.1589071116490126
32,-0.8199724793280804,1.342857406042306,-0.9091807383467775,-0.8303455209793849,-1.025240562435285,1.1589071116490126
33,-0.8199724793280804,-1.7419212453520543,2.15566209825295,-0.8303455209793849,0.9753808390341768,-0.8628819255212755
34,-0.8199724793280804,-2.1884023659486065,0.1476616191014045,-0.8303455209793849,0.9753808390341768,-0.8628819255212755
35,-0.8199724793280804,-0.8895481969404547,-1.0148649740915956,-0.8303455209793849,-1.025240562435285,1.1589071116490126
36,-0.8199724793280804,-1.0519049680664736,-0.0637068523882319,1.2043179311914745,-1.025240562435285,1.1589071116490126
37,0.809257570726132,-0.2401211124363789,1.0988197408047682,1.2043179311914745,0.9753808390341768,-0.8628819255212755
38,0.08515532625759312,1.2616790204792965,-0.5921280311123228,-0.8303455209793849,-1.025240562435285,-0.8628819255212755
39,-0.8199724793280804,-0.19953191965487416,-1.5432861528156865,-0.8303455209793849,-1.025240562435285,1.1589071116490126
40,-0.8199724793280804,0.12518162259716373,0.0419773833565863,-0.8303455209793849,-1.025240562435285,1.1589071116490126
41,-0.8199724793280804,-1.0113157752849689,-0.8034965026019593,-0.8303455209793849,0.9753808390341768,-0.8628819255212755
42,1.7143853763118053,-0.4024778835623979,1.2045039765495864,-0.8303455209793849,0.9753808390341768,-0.8628819255212755
43,0.2661808873747278,-0.28071030521788365,-1.9660230957949594,1.2043179311914745,0.9753808390341768,-0.8628819255212755
44,0.9902831318432667,-0.6054238474699215,0.2533458548462227,1.2043179311914745,0.9753808390341768,-0.8628819255212755
45,-0.8199724793280804,-1.4983860886630258,0.3590300905910409,-0.8303455209793849,-1.025240562435285,1.1589071116490126
46,1.8954109374289403,-1.1736725464109878,0.8874512693151319,1.2043179311914745,0.9753808390341768,-0.8628819255212755
47,-0.8199724793280804,-1.8230996309150638,0.4647143263358591,-0.8303455209793849,0.9753808390341768,-0.8628819255212755
48,-0.8199724793280804,-1.4983860886630258,0.0419773833565863,1.2043179311914745,0.9753808390341768,-0.8628819255212755
49,2.800538743014614,-1.4172077031000163,1.0988197408047682,1.2043179311914745,-1.025240562435285,-0.8628819255212755
50,-0.8199724793280804,-0.07776434131035996,-0.3807595596226865,-0.8303455209793849,-1.025240562435285,1.1589071116490126
51,-0.8199724793280804,0.855787092664249,-1.3319176813260503,-0.8303455209793849,-1.025240562435285,1.1589071116490126
52,0.5377192290504299,0.6528411287567253,-2.3887600387742323,1.2043179311914745,0.9753808390341768,-0.8628819255212755
53,1.4428470346361033,1.1399114421347822,0.4647143263358591,-0.8303455209793849,0.9753808390341768,-0.8628819255212755
54,-0.8199724793280804,-0.5242454619069121,-0.697812266857141,1.2043179311914745,0.9753808390341768,-0.8628819255212755
55,1.8954109374289403,-0.7271914258144357,0.3590300905910409,1.2043179311914745,-1.025240562435285,-0.8628819255212755
56,-0.8199724793280804,0.044003237034154256,-1.4376019170708685,-0.8303455209793849,-1.025240562435285,1.1589071116490126
57,0.08515532625759312,0.12518162259716373,1.0988197408047682,1.2043179311914745,0.9753808390341768,-0.8628819255212755
58,0.9902831318432667,-1.0924941608479783,2.4727148054874046,1.2043179311914745,-1.025240562435285,1.1589071116490126
59,0.9902831318432667,-0.15894272687336944,0.6760827978254954,1.2043179311914745,-1.025240562435285,1.1589071116490126
60,0.9902831318432667,-1.5795644742260353,-0.697812266857141,1.2043179311914745,0.9753808390341768,-0.8628819255212755
61,0.9902831318432667,0.16577081537866847,0.6760827978254954,1.2043179311914745,-1.025240562435285,1.1589071116490126
62,0.2661808873747278,-1.62015366700754,0.8874512693151319,-0.8303455209793849,0.9753808390341768,-0.8628819255212755
63,0.5377192290504299,0.8963762854457538,-0.5921280311123228,1.2043179311914745,-1.025240562435285,1.1589071116490126
64,0.08515532625759312,0.32812758650468743,-0.697812266857141,1.2043179311914745,0.9753808390341768,-0.8628819255212755
65,-0.457921357093811,0.5716627431937159,1.3101882122944046,-0.8303455209793849,0.9753808390341768,-0.8628819255212755
66,-0.36740857653524367,0.9775546710087633,0.5703985620806773,-0.8303455209793849,0.9753808390341768,-0.8628819255212755
67,0.08515532625759312,0.3687167792861922,0.7817670335703136,1.2043179311914745,0.9753808390341768,-0.8628819255212755
68,-0.8199724793280804,1.951695297764877,-0.9091807383467775,-0.8303455209793849,-1.025240562435285,1.1589071116490126
69,0.08515532625759312,-0.4836562691254073,0.6760827978254954,-0.8303455209793849,0.9753808390341768,-0.8628819255212755
70,-0.8199724793280804,1.0587330565717727,0.8874512693151319,-0.8303455209793849,-1.025240562435285,1.1589071116490126
71,0.8997703512846992,1.018143863790268,-1.1205492098364138,-0.8303455209793849,-1.025240562435285,1.1589071116490126
72,0.7187447901675645,-0.9707265825034642,1.2045039765495864,1.2043179311914745,0.9753808390341768,-0.8628819255212755
73,-0.8199724793280804,1.1399114421347822,-0.1693910881330501,-0.8303455209793849,-1.025240562435285,1.1589071116490126
74,-0.8199724793280804,1.5458033699498295,-1.1205492098364138,-0.8303455209793849,-1.025240562435285,1.1589071116490126
75,1.8954109374289403,-0.28071030521788365,0.1476616191014045,1.2043179311914745,0.9753808390341768,-0.8628819255212755
76,-0.8199724793280804,-0.686602233032931,-0.27507532387786826,-0.8303455209793849,-1.025240562435285,1.1589071116490126
77,0.4472064484918624,1.4240357916053155,-1.3319176813260503,-0.8303455209793849,-1.025240562435285,1.1589071116490126
78,1.4428470346361033,-0.4836562691254073,1.4158724480392229,-0.8303455209793849,-1.025240562435285,1.1589071116490126
79,-0.8199724793280804,0.32812758650468743,-1.5432861528156865,-0.8303455209793849,-1.025240562435285,1.1589071116490126
80,0.9902831318432667,-0.5242454619069121,-0.1693910881330501,1.2043179311914745,0.9753808390341768,-0.8628819255212755
81,-0.8199724793280804,-1.4983860886630258,0.3590300905910409,-0.8303455209793849,0.9753808390341768,-0.8628819255212755
82,4.791819915303096,0.32812758650468743,0.8874512693151319,-0.8303455209793849,-1.025240562435285,-0.8628819255212755
83,-0.8199724793280804,1.951695297764877,-2.177391567284596,-0.8303455209793849,-1.025240562435285,1.1589071116490126
84,0.2661808873747278,-0.7271914258144357,0.8874512693151319,1.2043179311914745,0.9753808390341768,-0.8628819255212755
85,-0.8199724793280804,0.6122519359752205,0.4647143263358591,-0.8303455209793849,-1.025240562435285,1.1589071116490126
86,-0.8199724793280804,-1.7419212453520543,0.5703985620806773,-0.8303455209793849,0.9753808390341768,-0.8628819255212755
87,0.3566936679332952,-1.5389752814445306,1.3101882122944046,1.2043179311914745,0.9753808390341768,-0.8628819255212755
88,1.4428470346361033,-0.07776434131035996,0.5703985620806773,1.2043179311914745,-1.025240562435285,-0.8628819255212755
89,0.4472064484918624,-0.5242454619069121,0.4647143263358591,1.2043179311914745,0.9753808390341768,-0.8628819255212755
90,0.5377192290504299,-1.295440124755502,0.0419773833565863,-0.8303455209793849,0.9753808390341768,-0.8628819255212755
91,-0.8199724793280804,0.24694920094167794,1.7329251552736773,-0.8303455209793849,-1.025240562435285,1.1589071116490126
92,0.3566936679332952,-0.8083698113774452,0.5703985620806773,1.2043179311914745,-1.025240562435285,-0.8628819255212755
93,0.9902831318432667,-0.4836562691254073,-0.8034965026019593,1.2043179311914745,0.9753808390341768,-0.8628819255212755
94,-0.8199724793280804,0.5310735504122112,-1.226233445581232,-0.8303455209793849,-1.025240562435285,1.1589071116490126
95,0.08515532625759312,-0.28071030521788365,-0.9091807383467775,1.2043179311914745,0.9753808390341768,-0.8628819255212755
96,-0.8199724793280804,-2.1478131731671017,1.6272409195288593,1.2043179311914745,0.9753808390341768,-0.8628819255212755
97,-0.8199724793280804,1.5458033699498295,-0.5921280311123228,-0.8303455209793849,-1.025240562435285,1.1589071116490126
98,0.5377192290504299,-0.36188869078089314,0.1476616191014045,1.2043179311914745,0.9753808390341768,-0.8628819255212755
99,-0.8199724793280804,0.5310735504122112,-1.6489703885605047,-0.8303455209793849,-1.025240562435285,1.1589071116490126
100,2.800538743014614,-0.07776434131035996,0.7817670335703136,1.2043179311914745,-1.025240562435285,-0.8628819255212755
101,-0.9104852598866479,0.6528411287567253,-1.9660230957949594,-0.8303455209793849,-1.025240562435285,1.1589071116490126
102,-0.8199724793280804,-0.5242454619069121,-0.8034965026019593,-0.8303455209793849,0.9753808390341768,-0.8628819255212755
103,-0.8199724793280804,-0.07776434131035996,-0.48644379536750465,-0.8303455209793849,-1.025240562435285,1.1589071116490126
104,0.5377192290504299,0.5310735504122112,0.0419773833565863,-0.8303455209793849,0.9753808390341768,-0.8628819255212755
105,-0.8199724793280804,0.44989516484920167,-0.1693910881330501,-0.8303455209793849,-1.025240562435285,1.1589071116490126
106,-0.8199724793280804,-0.19953191965487416,1.521556683784041,-0.8303455209793849,0.9753808390341768,-0.8628819255212755
107,-0.36740857653524367,-1.0924941608479783,0.1476616191014045,1.2043179311914745,0.9753808390341768,-0.8628819255212755
108,0.6282320096089973,-0.9301373897219595,1.9442936267633137,-0.8303455209793849,0.9753808390341768,-0.8628819255212755
109,0.2661808873747278,1.180500634916287,0.1476616191014045,-0.8303455209793849,-1.025240562435285,1.1589071116490126
110,1.8954109374289403,-0.037175148528855215,-1.1205492098364138,1.2043179311914745,0.9753808390341768,-0.8628819255212755
111,-0.8199724793280804,0.7746087071012395,-0.697812266857141,-0.8303455209793849,-1.025240562435285,1.1589071116490126
112,1.1713086929604015,-0.2401211124363789,0.4647143263358591,1.2043179311914745,0.9753808390341768,-0.8628819255212755
113,-0.6389469182109457,0.084592429815659,-0.5921280311123228,-0.8303455209793849,-1.025240562435285,1.1589071116490126
114,-0.36740857653524367,1.018143863790268,-0.1693910881330501,-0.8303455209793849,-1.025240562435285,1.1589071116490126
115,-0.8199724793280804,1.7487493338573532,-1.5432861528156865,-0.8303455209793849,-1.025240562435285,1.1589071116490126
116,0.9902831318432667,-1.5389752814445306,0.4647143263358591,1.2043179311914745,0.9753808390341768,-0.8628819255212755
117,0.5377192290504299,0.7340195143197348,0.1476616191014045,-0.8303455209793849,0.9753808390341768,-0.8628819255212755
118,-0.8199724793280804,1.342857406042306,-0.1693910881330501,-0.8303455209793849,-1.025240562435285,1.1589071116490126
119,-0.8199724793280804,1.2616790204792965,-1.9660230957949594,-0.8303455209793849,-1.025240562435285,1.1589071116490126
120,0.17566810681616055,-0.28071030521788365,0.6760827978254954,1.2043179311914745,-1.025240562435285,-0.8628819255212755
121,-0.8199724793280804,-0.7677806185959405,-0.5921280311123228,-0.8303455209793849,-1.025240562435285,1.1589071116490126
122,1.080795912401834,-1.295440124755502,0.2533458548462227,1.2043179311914745,0.9753808390341768,-0.8628819255212755
123,-0.6389469182109457,-0.07776434131035996,1.521556683784041,-0.8303455209793849,-1.025240562435285,1.1589071116490126
124,-0.8199724793280804,1.7081601410758485,-1.5432861528156865,-0.8303455209793849,-1.025240562435285,1.1589071116490126
125,0.08515532625759312,-0.8895481969404547,1.2045039765495864,1.2043179311914745,0.9753808390341768,-0.8628819255212755
126,-0.8199724793280804,0.5310735504122112,-1.754654624305323,-0.8303455209793849,-1.025240562435285,1.1589071116490126
127,-0.36740857653524367,0.12518162259716373,0.6760827978254954,1.2043179311914745,0.9753808390341768,-0.8628819255212755
128,1.5333598151946708,-0.4836562691254073,1.7329251552736773,1.2043179311914745,-1.025240562435285,-0.8628819255212755
129,0.08515532625759312,-1.6607428597890448,-0.27507532387786826,-0.8303455209793849,-1.025240562435285,1.1589071116490126
130,-0.8199724793280804,0.5310735504122112,0.5703985620806773,-0.8303455209793849,-1.025240562435285,1.1589071116490126
131,-0.7294596987695131,0.24694920094167794,-0.697812266857141,-0.8303455209793849,-1.025240562435285,1.1589071116490126
132,-0.457921357093811,0.12518162259716373,1.2045039765495864,-0.8303455209793849,-1.025240562435285,1.1589071116490126
133,-0.8199724793280804,1.342857406042306,0.0419773833565863,-0.8303455209793849,-1.025240562435285,1.1589071116490126
134,-0.2768957959766763,1.5458033699498295,-1.0148649740915956,-0.8303455209793849,0.9753808390341768,-0.8628819255212755
135,-0.8199724793280804,0.7746087071012395,-1.6489703885605047,-0.8303455209793849,0.9753808390341768,-0.8628819255212755
136,-0.8199724793280804,1.4240357916053155,-1.8603388600501412,-0.8303455209793849,-1.025240562435285,1.1589071116490126
137,-0.8199724793280804,1.1399114421347822,-1.4376019170708685,-0.8303455209793849,0.9753808390341768,-0.8628819255212755
138,-1.5440747237966193,-0.11835353409186469,0.8874512693151319,-0.8303455209793849,0.9753808390341768,-0.8628819255212755
139,-0.8199724793280804,1.46462498438682,-1.226233445581232,-0.8303455209793849,0.9753808390341768,-0.8628819255212755
140,0.5377192290504299,0.5310735504122112,0.0419773833565863,-0.8303455209793849,0.9753808390341768,-0.8628819255212755
141,0.5377192290504299,-1.1736725464109878,-0.5921280311123228,1.2043179311914745,0.9753808390341768,-0.8628819255212755
142,-0.36740857653524367,-0.686602233032931,0.8874512693151319,1.2043179311914745,0.9753808390341768,-0.8628819255212755
143,-0.8199724793280804,0.5310735504122112,0.1476616191014045,-0.8303455209793849,-1.025240562435285,1.1589071116490126
144,-0.8199724793280804,1.0587330565717727,-1.3319176813260503,-0.8303455209793849,-1.025240562435285,1.1589071116490126
145,0.08515532625759312,0.12518162259716373,1.0988197408047682,1.2043179311914745,0.9753808390341768,-0.8628819255212755
146,1.8954109374289403,1.7487493338573532,-0.1693910881330501,-0.8303455209793849,-1.025240562435285,1.1589071116490126
147,-0.18638301541810898,-0.686602233032931,-1.6489703885605047,1.2043179311914745,0.9753808390341768,-0.8628819255212755
148,-0.8199724793280804,-0.4836562691254073,-0.5921280311123228,-0.8303455209793849,-1.025240562435285,1.1589071116490126
149,-0.8199724793280804,-1.9042780164780733,-0.8034965026019593,-0.8303455209793849,-1.025240562435285,1.1589071116490126
150,0.2661808873747278,-0.36188869078089314,0.9931355050599501,1.2043179311914745,0.9753808390341768,-0.8628819255212755
151,-0.5484341376523784,0.16577081537866847,0.3590300905910409,-0.8303455209793849,-1.025240562435285,1.1589071116490126
152,-3.1733047738508318,-0.15894272687336944,-0.8034965026019593,-0.8303455209793849,0.9753808390341768,-0.8628819255212755
153,0.5377192290504299,-1.295440124755502,0.0419773833565863,1.2043179311914745,0.9753808390341768,-0.8628819255212755
154,-0.8199724793280804,-0.686602233032931,-0.5921280311123228,-0.8303455209793849,-1.025240562435285,1.1589071116490126
155,0.08515532625759312,-0.686602233032931,-0.48644379536750465,1.2043179311914745,0.9753808390341768,-0.8628819255212755
156,-0.8199724793280804,1.0993222493532775,-0.48644379536750465,-0.8303455209793849,-1.025240562435285,1.1589071116490126
157,0.5377192290504299,-0.9707265825034642,-0.8034965026019593,1.2043179311914745,0.9753808390341768,-0.8628819255212755
158,0.08515532625759312,0.5310735504122112,-0.27507532387786826,1.2043179311914745,0.9753808390341768,-0.8628819255212755
159,-0.5484341376523784,-0.07776434131035996,0.4647143263358591,-0.8303455209793849,-1.025240562435285,1.1589071116490126
160,0.5377192290504299,-0.8895481969404547,1.521556683784041,-0.8303455209793849,0.9753808390341768,-0.8628819255212755
161,1.7143853763118053,0.3687167792861922,0.4647143263358591,1.2043179311914745,0.9753808390341768,-0.8628819255212755
162,-0.09587023485954155,0.855787092664249,-0.1693910881330501,-0.8303455209793849,-1.025240562435285,1.1589071116490126
163,0.5377192290504299,-0.6054238474699215,-1.1205492098364138,-0.8303455209793849,-1.025240562435285,-0.8628819255212755
164,-0.8199724793280804,-2.0666347876040922,0.8874512693151319,-0.8303455209793849,-1.025240562435285,1.1589071116490126
165,-0.8199724793280804,0.7746087071012395,-1.9660230957949594,1.2043179311914745,-1.025240562435285,1.1589071116490126
166,0.17566810681616055,-0.36188869078089314,-0.3807595596226865,1.2043179311914745,0.9753808390341768,-0.8628819255212755
167,-0.8199724793280804,0.5310735504122112,-2.3887600387742323,-0.8303455209793849,-1.025240562435285,1.1589071116490126
168,-0.8199724793280804,-0.037175148528855215,0.1476616191014045,-0.8303455209793849,0.9753808390341768,-0.8628819255212755
169,0.5377192290504299,-1.8230996309150638,-0.5921280311123228,1.2043179311914745,0.9753808390341768,-0.8628819255212755
170,1.8954109374289403,-1.0113157752849689,2.261346333997768,1.2043179311914745,0.9753808390341768,-0.8628819255212755
171,-0.8199724793280804,1.8299277194203627,0.5703985620806773,-0.8303455209793849,-1.025240562435285,1.1589071116490126
172,0.809257570726132,0.2875383937231827,1.0988197408047682,1.2043179311914745,0.9753808390341768,-0.8628819255212755
173,-0.8199724793280804,1.342857406042306,-1.226233445581232,-0.8303455209793849,-1.025240562435285,1.1589071116490126
174,-0.8199724793280804,-0.28071030521788365,0.0419773833565863,-0.8303455209793849,-1.025240562435285,1.1589071116490126
175,0.2661808873747278,-1.9854564020410828,0.3590300905910409,1.2043179311914745,0.9753808390341768,-0.8628819255212755
176,0.5377192290504299,-0.686602233032931,0.9931355050599501,-0.8303455209793849,-1.025240562435285,-0.8628819255212755
177,0.9902831318432667,0.044003237034154256,0.9931355050599501,1.2043179311914745,0.9753808390341768,-0.8628819255212755
178,-0.8199724793280804,0.12518162259716373,0.1476616191014045,-0.8303455209793849,-1.025240562435285,1.1589071116490126
179,-0.8199724793280804,-0.84895900415895,-0.8034965026019593,-0.8303455209793849,-1.025240562435285,1.1589071116490126
180,0.9902831318432667,-1.0924941608479783,-0.1693910881330501,1.2043179311914745,-1.025240562435285,-0.8628819255212755
181,-0.8199724793280804,0.24694920094167794,0.5703985620806773,1.2043179311914745,0.9753808390341768,-0.8628819255212755
182,0.08515532625759312,1.1399114421347822,-1.754654624305323,-0.8303455209793849,0.9753808390341768,-0.8628819255212755
183,0.5377192290504299,-0.4430670763439026,-0.1693910881330501,1.2043179311914745,0.9753808390341768,-0.8628819255212755
184,2.800538743014614,-2.2289915587301112,-0.1693910881330501,1.2043179311914745,0.9753808390341768,-0.8628819255212755
185,0.4472064484918624,-0.8083698113774452,0.0419773833565863,1.2043179311914745,0.9753808390341768,-0.8628819255212755
186,1.8954109374289403,-0.686602233032931,0.8874512693151319,1.2043179311914745,0.9753808390341768,-0.8628819255212755
187,0.08515532625759312,-1.0924941608479783,-0.3807595596226865,1.2043179311914745,0.9753808390341768,-0.8628819255212755
188,-0.8199724793280804,1.1399114421347822,-2.283075803029414,-0.8303455209793849,-1.025240562435285,1.1589071116490126
189,-0.0053574543009742214,1.3834465988238107,0.6760827978254954,-0.8303455209793849,-1.025240562435285,1.1589071116490126
190,-0.8199724793280804,-0.8895481969404547,1.8386093910184955,1.2043179311914745,0.9753808390341768,-0.8628819255212755
191,1.8954109374289403,-0.7677806185959405,-1.3319176813260503,1.2043179311914745,0.9753808390341768,-0.8628819255212755
192,-0.8199724793280804,0.7340195143197348,-1.1205492098364138,-0.8303455209793849,0.9753808390341768,-0.8628819255212755
193,-0.8199724793280804,0.7340195143197348,0.1476616191014045,-0.8303455209793849,-1.025240562435285,1.1589071116490126
194,0.5377192290504299,-0.28071030521788365,0.5703985620806773,1.2043179311914745,0.9753808390341768,-0.8628819255212755
195,-0.8199724793280804,-1.0924941608479783,0.0419773833565863,-0.8303455209793849,-1.025240562435285,1.1589071116490126
196,0.4472064484918624,0.9369654782272585,-0.8034965026019593,1.2043179311914745,-1.025240562435285,-0.8628819255212755
197,-0.8199724793280804,1.7487493338573532,-1.8603388600501412,-0.8303455209793849,-1.025240562435285,1.1589071116490126
198,0.9902831318432667,-1.5389752814445306,-0.5921280311123228,1.2043179311914745,0.9753808390341768,-0.8628819255212755
199,-0.8199724793280804,1.4240357916053155,-1.4376019170708685,-0.8303455209793849,-1.025240562435285,1.1589071116490126
200,2.800538743014614,0.2875383937231827,0.9931355050599501,1.2043179311914745,-1.025240562435285,1.1589071116490126
201,2.0764364985460753,-0.84895900415895,0.0419773833565863,1.2043179311914745,0.9753808390341768,-0.8628819255212755
202,-0.2768957959766763,-0.6054238474699215,-1.226233445581232,-0.8303455209793849,0.9753808390341768,-0.8628819255212755
203,-0.8199724793280804,0.5310735504122112,-1.6489703885605047,-0.8303455209793849,0.9753808390341768,-0.8628819255212755
204,1.8954109374289403,-0.3212994979993884,1.7329251552736773,1.2043179311914745,-1.025240562435285,-0.8628819255212755
205,-0.8199724793280804,2.1546412616724004,-2.0717073315397774,-0.8303455209793849,-1.025240562435285,1.1589071116490126
206,-0.09587023485954155,-0.4430670763439026,0.3590300905910409,1.2043179311914745,0.9753808390341768,-0.8628819255212755
207,-0.8199724793280804,-1.1736725464109878,0.0419773833565863,1.2043179311914745,0.9753808390341768,-0.8628819255212755
208,-0.8199724793280804,1.342857406042306,-1.6489703885605047,-0.8303455209793849,0.9753808390341768,-0.8628819255212755
209,0.7187447901675645,-0.6054238474699215,0.6760827978254954,1.2043179311914745,0.9753808390341768,-0.8628819255212755
210,-0.8199724793280804,1.342857406042306,-1.3319176813260503,-0.8303455209793849,-1.025240562435285,1.1589071116490126
211,1.5333598151946708,-0.3212994979993884,1.4158724480392229,1.2043179311914745,0.9753808390341768,-0.8628819255212755
212,-0.8199724793280804,1.2616790204792965,-1.3319176813260503,-0.8303455209793849,-1.025240562435285,1.1589071116490126
213,-0.8199724793280804,0.12518162259716373,0.4647143263358591,-0.8303455209793849,0.9753808390341768,-0.8628819255212755
214,-0.5484341376523784,-0.07776434131035996,0.7817670335703136,-0.8303455209793849,-1.025240562435285,1.1589071116490126
215,-0.8199724793280804,1.7487493338573532,-0.9091807383467775,-0.8303455209793849,-1.025240562435285,1.1589071116490126
216,1.4428470346361033,-2.431937522637635,0.7817670335703136,-0.8303455209793849,0.9753808390341768,-0.8628819255212755
217,-0.6389469182109457,-1.295440124755502,1.0988197408047682,1.2043179311914745,0.9753808390341768,-0.8628819255212755
218,0.08515532625759312,0.5310735504122112,0.2533458548462227,-0.8303455209793849,0.9753808390341768,-0.8628819255212755
219,-0.0053574543009742214,-0.4430670763439026,-0.3807595596226865,1.2043179311914745,0.9753808390341768,-0.8628819255212755
220,0.9902831318432667,-0.7271914258144357,0.2533458548462227,1.2043179311914745,-1.025240562435285,-0.8628819255212755
221,-0.8199724793280804,1.342857406042306,-1.0148649740915956,-0.8303455209793849,-1.025240562435285,1.1589071116490126
222,-0.457921357093811,1.7081601410758485,-1.0148649740915956,1.2043179311914745,-1.025240562435285,1.1589071116490126
223,0.9902831318432667,-2.0666347876040922,0.9931355050599501,1.2043179311914745,0.9753808390341768,-0.8628819255212755
224,0.08515532625759312,-1.8636888236965685,0.0419773833565863,1.2043179311914745,0.9753808390341768,-0.8628819255212755
225,-0.6389469182109457,1.7487493338573532,-0.5921280311123228,-0.8303455209793849,0.9753808390341768,-0.8628819255212755
226,-0.18638301541810898,-0.686602233032931,-0.0637068523882319,-0.8303455209793849,-1.025240562435285,-0.8628819255212755
227,0.5377192290504299,0.12518162259716373,0.6760827978254954,1.2043179311914745,0.9753808390341768,-0.8628819255212755
228,0.08515532625759312,0.69343032153823,1.2045039765495864,-0.8303455209793849,-1.025240562435285,1.1589071116490126
229,-0.5484341376523784,-1.8230996309150638,0.1476616191014045,-0.8303455209793849,-1.025240562435285,1.1589071116490126
230,-0.8199724793280804,1.2616790204792965,-1.754654624305323,-0.8303455209793849,-1.025240562435285,1.1589071116490126
231,0.08515532625759312,-0.4836562691254073,-1.8603388600501412,1.2043179311914745,0.9753808390341768,-0.8628819255212755
232,0.9902831318432667,-1.1736725464109878,1.3101882122944046,1.2043179311914745,0.9753808390341768,-0.8628819255212755
233,1.4428470346361033,-0.5648346546884168,0.2533458548462227,1.2043179311914745,0.9753808390341768,-0.8628819255212755
234,0.9902831318432667,-0.6054238474699215,1.4158724480392229,1.2043179311914745,0.9753808390341768,-0.8628819255212755
235,0.08515532625759312,0.044003237034154256,0.0419773833565863,-0.8303455209793849,-1.025240562435285,1.1589071116490126
236,-0.8199724793280804,-0.84895900415895,0.8874512693151319,-0.8303455209793849,-1.025240562435285,1.1589071116490126
237,-0.8199724793280804,1.46462498438682,-1.6489703885605047,-0.8303455209793849,-1.025240562435285,1.1589071116490126
238,-0.8199724793280804,1.4240357916053155,-1.3319176813260503,1.2043179311914745,-1.025240562435285,1.1589071116490126
239,0.8997703512846992,-1.2548509319739973,0.8874512693151319,-0.8303455209793849,0.9753808390341768,-0.8628819255212755
240,-0.8199724793280804,-0.4836562691254073,0.5703985620806773,-0.8303455209793849,0.9753808390341768,-0.8628819255212755
241,-0.36740857653524367,0.12518162259716373,0.6760827978254954,1.2043179311914745,0.9753808390341768,-0.8628819255212755
242,-0.8199724793280804,1.018143863790268,-0.48644379536750465,-0.8303455209793849,0.9753808390341768,-0.8628819255212755
243,1.1713086929604015,-0.4430670763439026,-0.27507532387786826,-0.8303455209793849,0.9753808390341768,-0.8628819255212755
244,0.3566936679332952,-0.9301373897219595,1.0988197408047682,1.2043179311914745,-1.025240562435285,-0.8628819255212755
245,-0.8199724793280804,-0.8895481969404547,-0.0637068523882319,-0.8303455209793849,-1.025240562435285,1.1589071116490126
246,0.08515532625759312,-0.4836562691254073,0.0419773833565863,1.2043179311914745,0.9753808390341768,-0.8628819255212755
247,-0.8199724793280804,0.5310735504122112,0.4647143263358591,-0.8303455209793849,-1.025240562435285,1.1589071116490126
248,0.2661808873747278,0.24694920094167794,-0.27507532387786826,1.2043179311914745,0.9753808390341768,-0.8628819255212755
249,0.9902831318432667,-0.6460130402514263,-0.3807595596226865,1.2043179311914745,0.9753808390341768,-0.8628819255212755
250,0.08515532625759312,-1.4983860886630258,0.4647143263358591,1.2043179311914745,0.9753808390341768,-0.8628819255212755
251,-0.8199724793280804,0.9775546710087633,-0.1693910881330501,1.2043179311914745,-1.025240562435285,1.1589071116490126
252,1.8954109374289403,0.855787092664249,-0.697812266857141,1.2043179311914745,0.9753808390341768,-0.8628819255212755
253,-0.8199724793280804,-1.2548509319739973,-0.0637068523882319,-0.8303455209793849,0.9753808390341768,-0.8628819255212755
254,-0.8199724793280804,-2.7160618721081677,0.7817670335703136,-0.8303455209793849,0.9753808390341768,-0.8628819255212755
255,-0.8199724793280804,1.2616790204792965,0.3590300905910409,1.2043179311914745,-1.025240562435285,1.1589071116490126
256,1.5333598151946708,1.5458033699498295,0.5703985620806773,-0.8303455209793849,0.9753808390341768,-0.8628819255212755
257,1.8954109374289403,0.9369654782272585,-1.8603388600501412,-0.8303455209793849,0.9753808390341768,-0.8628819255212755
258,-0.18638301541810898,2.23581964723541,-2.0717073315397774,-0.8303455209793849,-1.025240562435285,1.1589071116490126
259,-0.8199724793280804,1.4240357916053155,-0.8034965026019593,-0.8303455209793849,-1.025240562435285,1.1589071116490126
260,0.809257570726132,-1.5389752814445306,0.8874512693151319,1.2043179311914745,0.9753808390341768,-0.8628819255212755
261,-1.2725363821209172,-2.6348834865451582,0.8874512693151319,1.2043179311914745,0.9753808390341768,-0.8628819255212755
262,2.800538743014614,-0.28071030521788365,2.15566209825295,1.2043179311914745,-1.025240562435285,-0.8628819255212755
263,1.4428470346361033,-1.0924941608479783,0.1476616191014045,1.2043179311914745,0.9753808390341768,-0.8628819255212755
264,-0.8199724793280804,0.44989516484920167,-0.5921280311123228,-0.8303455209793849,-1.025240562435285,1.1589071116490126
265,0.9902831318432667,-0.07776434131035996,-1.1205492098364138,1.2043179311914745,0.9753808390341768,-0.8628819255212755
266,0.9902831318432667,0.0034140442526495217,0.0419773833565863,-0.8303455209793849,-1.025240562435285,1.1589071116490126
267,0.9902831318432667,-1.7013320525705495,-0.0637068523882319,1.2043179311914745,0.9753808390341768,-0.8628819255212755
268,-0.8199724793280804,-0.037175148528855215,0.9931355050599501,1.2043179311914745,0.9753808390341768,-0.8628819255212755
269,0.9902831318432667,-0.19953191965487416,1.0988197408047682,-0.8303455209793849,0.9753808390341768,-0.8628819255212755
270,-0.7294596987695131,-0.2401211124363789,1.6272409195288593,-0.8303455209793849,0.9753808390341768,-0.8628819255212755
271,-0.8199724793280804,0.9369654782272585,-1.3319176813260503,-0.8303455209793849,-1.025240562435285,1.1589071116490126
272,-0.8199724793280804,-0.19953191965487416,-0.0637068523882319,-0.8303455209793849,-1.025240562435285,1.1589071116490126
273,0.809257570726132,-1.1736725464109878,1.8386093910184955,1.2043179311914745,0.9753808390341768,-0.8628819255212755
274,-0.8199724793280804,1.1399114421347822,-1.1205492098364138,-0.8303455209793849,-1.025240562435285,1.1589071116490126
275,0.9902831318432667,1.5458033699498295,-0.5921280311123228,-0.8303455209793849,-1.025240562435285,1.1589071116490126
276,1.7143853763118053,1.180500634916287,-1.6489703885605047,-0.8303455209793849,-1.025240562435285,1.1589071116490126
277,-0.8199724793280804,-0.28071030521788365,-0.0637068523882319,-0.8303455209793849,-1.025240562435285,1.1589071116490126
278,-0.8199724793280804,0.5716627431937159,1.521556683784041,1.2043179311914745,-1.025240562435285,1.1589071116490126
279,-0.457921357093811,0.44989516484920167,0.3590300905910409,-0.8303455209793849,0.9753808390341768,-0.8628819255212755
280,-0.8199724793280804,-0.686602233032931,-0.8034965026019593,-0.8303455209793849,-1.025240562435285,1.1589071116490126
281,0.08515532625759312,0.5310735504122112,-2.177391567284596,1.2043179311914745,0.9753808390341768,-0.8628819255212755
282,-0.2768957959766763,-1.0113157752849689,0.3590300905910409,1.2043179311914745,0.9753808390341768,-0.8628819255212755
283,0.9902831318432667,-0.686602233032931,-0.1693910881330501,1.2043179311914745,0.9753808390341768,-0.8628819255212755
284,-0.6389469182109457,0.5310735504122112,0.1476616191014045,-0.8303455209793849,-1.025240562435285,1.1589071116490126
285,0.9902831318432667,-1.295440124755502,0.4647143263358591,-0.8303455209793849,0.9753808390341768,-0.8628819255212755
286,-0.8199724793280804,0.5310735504122112,-1.226233445581232,-0.8303455209793849,-1.025240562435285,1.1589071116490126
287,0.08515532625759312,-0.9301373897219595,1.2045039765495864,-0.8303455209793849,0.9753808390341768,-0.8628819255212755
288,1.5333598151946708,0.32812758650468743,0.7817670335703136,-0.8303455209793849,0.9753808390341768,-0.8628819255212755
289,1.1713086929604015,-0.11835353409186469,0.5703985620806773,-0.8303455209793849,0.9753808390341768,-0.8628819255212755
290,0.5377192290504299,-0.686602233032931,1.2045039765495864,1.2043179311914745,0.9753808390341768,-0.8628819255212755
291,-0.457921357093811,0.2875383937231827,0.4647143263358591,-0.8303455209793849,0.9753808390341768,-0.8628819255212755
292,0.08515532625759312,-0.686602233032931,0.5703985620806773,1.2043179311914745,0.9753808390341768,-0.8628819255212755
293,-0.8199724793280804,0.6528411287567253,-1.0148649740915956,-0.8303455209793849,-1.025240562435285,1.1589071116490126
294,-0.8199724793280804,-0.28071030521788365,-0.48644379536750465,-0.8303455209793849,-1.025240562435285,1.1589071116490126
295,0.9902831318432667,0.084592429815659,-0.48644379536750465,-0.8303455209793849,0.9753808390341768,-0.8628819255212755
296,-0.8199724793280804,2.073462876109391,-1.4376019170708685,-0.8303455209793849,-1.025240562435285,1.1589071116490126
297,-0.8199724793280804,1.180500634916287,-1.6489703885605047,-0.8303455209793849,0.9753808390341768,-0.8628819255212755
298,0.9902831318432667,-1.9854564020410828,0.9931355050599501,1.2043179311914745,0.9753808390341768,-0.8628819255212755
299,0.08515532625759312,1.9111061049833722,-1.8603388600501412,-0.8303455209793849,0.9753808390341768,-0.8628819255212755
300,-0.09587023485954155,1.018143863790268,0.5703985620806773,-0.8303455209793849,-1.025240562435285,1.1589071116490126
301,1.8954109374289403,0.24694920094167794,0.3590300905910409,1.2043179311914745,0.9753808390341768,-0.8628819255212755
302,1.8954109374289403,0.9369654782272585,0.9931355050599501,-0.8303455209793849,0.9753808390341768,-0.8628819255212755
303,-0.8199724793280804,0.8963762854457538,0.3590300905910409,-0.8303455209793849,-1.025240562435285,1.1589071116490126
304,0.9902831318432667,-1.0924941608479783,0.4647143263358591,1.2043179311914745,0.9753808390341768,-0.8628819255212755
305,-0.8199724793280804,0.9369654782272585,0.1476616191014045,-0.8303455209793849,-1.025240562435285,1.1589071116490126
306,0.3566936679332952,-0.5648346546884168,0.7817670335703136,1.2043179311914745,0.9753808390341768,-0.8628819255212755
307,-0.8199724793280804,0.5310735504122112,-0.3807595596226865,-0.8303455209793849,0.9753808390341768,-0.8628819255212755
308,1.8954109374289403,-1.0113157752849689,-0.0637068523882319,1.2043179311914745,0.9753808390341768,-0.8628819255212755
309,-0.8199724793280804,1.0587330565717727,-0.48644379536750465,-0.8303455209793849,-1.025240562435285,1.1589071116490126
310,0.9902831318432667,-1.2548509319739973,1.0988197408047682,-0.8303455209793849,0.9753808390341768,-0.8628819255212755
311,-0.457921357093811,1.018143863790268,1.8386093910184955,-0.8303455209793849,-1.025240562435285,1.1589071116490126
312,-0.8199724793280804,-1.62015366700754,0.2533458548462227,-0.8303455209793849,0.9753808390341768,-0.8628819255212755
313,-0.8199724793280804,1.9111061049833722,-1.754654624305323,-0.8303455209793849,-1.025240562435285,1.1589071116490126
314,-0.8199724793280804,0.20636000816017322,-1.3319176813260503,-0.8303455209793849,-1.025240562435285,1.1589071116490126
315,0.5377192290504299,-1.1736725464109878,1.4158724480392229,1.2043179311914745,0.9753808390341768,-0.8628819255212755
316,-0.8199724793280804,-1.295440124755502,0.7817670335703136,1.2043179311914745,-1.025240562435285,-0.8628819255212755
317,0.9902831318432667,0.9775546710087633,0.2533458548462227,-0.8303455209793849,0.9753808390341768,-0.8628819255212755
318,-0.8199724793280804,1.3022682132608012,-0.1693910881330501,-0.8303455209793849,-1.025240562435285,1.1589071116490126
319,1.8954109374289403,-0.28071030521788365,0.4647143263358591,1.2043179311914745,0.9753808390341768,-0.8628819255212755
320,-0.8199724793280804,1.9111061049833722,-0.1693910881330501,-0.8303455209793849,-1.025240562435285,1.1589071116490126
321,-0.8199724793280804,1.7487493338573532,-1.3319176813260503,-0.8303455209793849,-1.025240562435285,1.1589071116490126
322,-0.8199724793280804,0.8963762854457538,-0.3807595596226865,-0.8303455209793849,-1.025240562435285,1.1589071116490126
323,0.4472064484918624,0.9775546710087633,0.1476616191014045,-0.8303455209793849,0.9753808390341768,-0.8628819255212755
324,-0.6389469182109457,0.044003237034154256,-0.27507532387786826,-0.8303455209793849,-1.025240562435285,1.1589071116490126
325,0.08515532625759312,0.7746087071012395,-0.1693910881330501,1.2043179311914745,0.9753808390341768,-0.8628819255212755
326,-0.8199724793280804,0.9369654782272585,-0.1693910881330501,-0.8303455209793849,-1.025240562435285,1.1589071116490126
327,0.809257570726132,-1.0924941608479783,1.6272409195288593,1.2043179311914745,0.9753808390341768,-0.8628819255212755
328,-0.7294596987695131,0.24694920094167794,-1.1205492098364138,1.2043179311914745,0.9753808390341768,-0.8628819255212755
329,-0.8199724793280804,1.5052141771683247,-0.697812266857141,-0.8303455209793849,-1.025240562435285,1.1589071116490126
330,-0.8199724793280804,-0.28071030521788365,1.8386093910184955,-0.8303455209793849,-1.025240562435285,1.1589071116490126
331,-0.8199724793280804,0.5310735504122112,-1.4376019170708685,-0.8303455209793849,-1.025240562435285,1.1589071116490126
332,3.1625898652488837,0.12518162259716373,0.4647143263358591,-0.8303455209793849,-1.025240562435285,-0.8628819255212755
333,-0.8199724793280804,1.7081601410758485,-1.3319176813260503,-0.8303455209793849,-1.025240562435285,1.1589071116490126
334,-0.09587023485954155,-1.0519049680664736,0.4647143263358591,1.2043179311914745,-1.025240562435285,1.1589071116490126
335,1.8954109374289403,-1.8230996309150638,0.3590300905910409,1.2043179311914745,0.9753808390341768,-0.8628819255212755
336,-0.8199724793280804,0.12518162259716373,-0.0637068523882319,-0.8303455209793849,-1.025240562435285,1.1589071116490126
337,0.6282320096089973,-0.4836562691254073,1.8386093910184955,-0.8303455209793849,0.9753808390341768,-0.8628819255212755
338,0.08515532625759312,0.6122519359752205,-1.4376019170708685,1.2043179311914745,0.9753808390341768,-0.8628819255212755
339,-1.2725363821209172,-0.686602233032931,1.3101882122944046,-0.8303455209793849,-1.025240562435285,1.1589071116490126
340,1.4428470346361033,0.49048435763070636,0.1476616191014045,1.2043179311914745,-1.025240562435285,1.1589071116490126
341,0.9902831318432667,-0.6054238474699215,-0.0637068523882319,1.2043179311914745,0.9753808390341768,-0.8628819255212755
342,-0.8199724793280804,1.7487493338573532,-2.0717073315397774,-0.8303455209793849,0.9753808390341768,-0.8628819255212755
343,-0.8199724793280804,0.5310735504122112,-1.3319176813260503,-0.8303455209793849,-1.025240562435285,1.1589071116490126
344,-0.8199724793280804,-1.4983860886630258,-0.5921280311123228,-0.8303455209793849,-1.025240562435285,1.1589071116490126
345,0.9902831318432667,-0.36188869078089314,-0.1693910881330501,1.2043179311914745,0.9753808390341768,-0.8628819255212755
346,0.4472064484918624,-0.9707265825034642,0.0419773833565863,-0.8303455209793849,0.9753808390341768,-0.8628819255212755
347,-0.8199724793280804,0.12518162259716373,-1.9660230957949594,-0.8303455209793849,0.9753808390341768,-0.8628819255212755
348,0.9902831318432667,0.3687167792861922,1.6272409195288593,-0.8303455209793849,0.9753808390341768,-0.8628819255212755
349,-0.36740857653524367,0.6122519359752205,0.0419773833565863,-0.8303455209793849,-1.025240562435285,-0.8628819255212755
350,0.5377192290504299,-0.28071030521788365,-1.754654624305323,1.2043179311914745,0.9753808390341768,-0.8628819255212755
351,-0.8199724793280804,1.0587330565717727,0.0419773833565863,-0.8303455209793849,-1.025240562435285,1.1589071116490126
352,0.5377192290504299,-2.0260455948225875,1.2045039765495864,1.2043179311914745,0.9753808390341768,-0.8628819255212755
353,0.5377192290504299,-0.7677806185959405,0.6760827978254954,1.2043179311914745,0.9753808390341768,-0.8628819255212755
354,0.08515532625759312,0.6122519359752205,0.8874512693151319,-0.8303455209793849,-1.025240562435285,1.1589071116490126
355,0.7187447901675645,-0.5648346546884168,0.8874512693151319,1.2043179311914745,-1.025240562435285,-0.8628819255212755
356,1.5333598151946708,-0.36188869078089314,-0.3807595596226865,-0.8303455209793849,0.9753808390341768,-0.8628819255212755
357,0.5377192290504299,-1.133083353629483,1.6272409195288593,1.2043179311914745,0.9753808390341768,-0.8628819255212755
358,0.2661808873747278,1.342857406042306,0.6760827978254954,-0.8303455209793849,0.9753808390341768,-0.8628819255212755
359,0.8997703512846992,0.044003237034154256,0.7817670335703136,1.2043179311914745,-1.025240562435285,1.1589071116490126
360,-0.8199724793280804,1.1399114421347822,0.4647143263358591,-0.8303455209793849,-1.025240562435285,1.1589071116490126
361,-0.8199724793280804,-0.8895481969404547,-0.8034965026019593,1.2043179311914745,0.9753808390341768,-0.8628819255212755
362,-0.8199724793280804,0.69343032153823,0.0419773833565863,-0.8303455209793849,0.9753808390341768,-0.8628819255212755
363,0.4472064484918624,-0.2401211124363789,0.3590300905910409,1.2043179311914745,-1.025240562435285,1.1589071116490126
364,1.8954109374289403,-1.0924941608479783,0.0419773833565863,1.2043179311914745,0.9753808390341768,-0.8628819255212755
365,-0.8199724793280804,-0.686602233032931,-1.5432861528156865,-0.8303455209793849,-1.025240562435285,1.1589071116490126
366,-0.8199724793280804,1.018143863790268,0.5703985620806773,1.2043179311914745,-1.025240562435285,1.1589071116490126
367,-0.6389469182109457,0.084592429815659,-0.5921280311123228,-0.8303455209793849,-1.025240562435285,1.1589071116490126
368,0.6282320096089973,0.855787092664249,0.0419773833565863,-0.8303455209793849,0.9753808390341768,-0.8628819255212755
369,0.9902831318432667,-2.5942942937636535,0.1476616191014045,-0.8303455209793849,0.9753808390341768,-0.8628819255212755
370,-0.09587023485954155,0.32812758650468743,0.1476616191014045,1.2043179311914745,0.9753808390341768,-0.8628819255212755
371,-0.5484341376523784,-0.07776434131035996,1.2045039765495864,-0.8303455209793849,-1.025240562435285,1.1589071116490126
372,-0.8199724793280804,1.5863925627313342,-1.1205492098364138,-0.8303455209793849,-1.025240562435285,1.1589071116490126
373,-0.8199724793280804,0.7340195143197348,-1.226233445581232,-0.8303455209793849,-1.025240562435285,1.1589071116490126
374,0.9902831318432667,-0.28071030521788365,0.1476616191014045,1.2043179311914745,0.9753808390341768,-0.8628819255212755
375,-0.8199724793280804,0.9369654782272585,-0.0637068523882319,-0.8303455209793849,-1.025240562435285,1.1589071116490126
376,-0.8199724793280804,1.3022682132608012,-1.0148649740915956,-0.8303455209793849,-1.025240562435285,1.1589071116490126
377,0.6282320096089973,-1.3360293175370068,1.6272409195288593,1.2043179311914745,0.9753808390341768,-0.8628819255212755
378,-0.8199724793280804,-1.2142617391924926,-0.27507532387786826,-0.8303455209793849,-1.025240562435285,1.1589071116490126
379,-2.1776641877065903,-0.36188869078089314,-1.226233445581232,1.2043179311914745,-1.025240562435285,-0.8628819255212755
380,-0.8199724793280804,-1.0924941608479783,0.4647143263358591,-0.8303455209793849,-1.025240562435285,1.1589071116490126
381,0.08515532625759312,-1.0924941608479783,0.4647143263358591,1.2043179311914745,0.9753808390341768,-0.8628819255212755
382,-0.8199724793280804,0.69343032153823,1.0988197408047682,1.2043179311914745,-1.025240562435285,1.1589071116490126
383,-0.8199724793280804,0.044003237034154256,0.8874512693151319,1.2043179311914745,0.9753808390341768,-0.8628819255212755
384,-0.8199724793280804,0.7340195143197348,-0.0637068523882319,-0.8303455209793849,-1.025240562435285,1.1589071116490126
385,0.809257570726132,0.9369654782272585,0.4647143263358591,-0.8303455209793849,0.9753808390341768,-0.8628819255212755
386,-0.8199724793280804,-0.037175148528855215,-1.226233445581232,-0.8303455209793849,-1.025240562435285,1.1589071116490126
387,-0.8199724793280804,-0.4430670763439026,-0.8034965026019593,-0.8303455209793849,0.9753808390341768,-0.8628819255212755
388,-0.8199724793280804,0.7340195143197348,0.0419773833565863,-0.8303455209793849,-1.025240562435285,1.1589071116490126
389,-0.8199724793280804,-1.782510438133559,1.2045039765495864,1.2043179311914745,0.9753808390341768,-0.8628819255212755
390,-0.8199724793280804,-1.0924941608479783,-0.3807595596226865,-0.8303455209793849,0.9753808390341768,-0.8628819255212755
391,-0.8199724793280804,0.12518162259716373,-0.8034965026019593,-0.8303455209793849,-1.025240562435285,1.1589071116490126
392,0.08515532625759312,0.12518162259716373,-0.8034965026019593,1.2043179311914745,0.9753808390341768,-0.8628819255212755
393,-0.8199724793280804,0.3687167792861922,-1.226233445581232,-0.8303455209793849,-1.025240562435285,1.1589071116490126
394,-0.8199724793280804,-1.0519049680664736,0.9931355050599501,1.2043179311914745,0.9753808390341768,-0.8628819255212755
395,0.5377192290504299,0.5310735504122112,0.0419773833565863,1.2043179311914745,0.9753808390341768,-0.8628819255212755
396,-0.8199724793280804,-1.9042780164780733,1.3101882122944046,-0.8303455209793849,0.9753808390341768,-0.8628819255212755
397,1.7143853763118053,0.16577081537866847,0.6760827978254954,1.2043179311914745,0.9753808390341768,-0.8628819255212755
398,0.08515532625759312,-0.6054238474699215,0.4647143263358591,-0.8303455209793849,0.9753808390341768,-0.8628819255212755
399,0.5377192290504299,0.6122519359752205,-1.226233445581232,1.2043179311914745,0.9753808390341768,-0.8628819255212755
400,0.2661808873747278,1.789338526638858,-1.1205492098364138,-0.8303455209793849,0.9753808390341768,-0.8628819255212755
401,-0.18638301541810898,-2.837829450452682,1.2045039765495864,-0.8303455209793849,0.9753808390341768,-0.8628819255212755
402,-0.8199724793280804,1.018143863790268,2.4727148054874046,1.2043179311914745,-1.025240562435285,1.1589071116490126
403,-0.8199724793280804,1.3022682132608012,0.7817670335703136,-0.8303455209793849,-1.025240562435285,1.1589071116490126
404,1.7143853763118053,-0.4430670763439026,0.0419773833565863,1.2043179311914745,0.9753808390341768,-0.8628819255212755
405,-0.8199724793280804,1.342857406042306,-2.6001285102638687,-0.8303455209793849,-1.025240562435285,1.1589071116490126
406,-0.8199724793280804,0.6122519359752205,-0.8034965026019593,1.2043179311914745,0.9753808390341768,-0.8628819255212755
407,0.6282320096089973,1.5052141771683247,0.3590300905910409,-0.8303455209793849,-1.025240562435285,1.1589071116490126
408,0.17566810681616055,-0.84895900415895,2.3670305697425866,-0.8303455209793849,0.9753808390341768,-0.8628819255212755
409,0.2661808873747278,-0.8895481969404547,0.3590300905910409,1.2043179311914745,0.9753808390341768,-0.8628819255212755
410,2.800538743014614,0.69343032153823,0.9931355050599501,-0.8303455209793849,0.9753808390341768,-0.8628819255212755
411,-0.8199724793280804,1.2210898276977917,0.0419773833565863,-0.8303455209793849,-1.025240562435285,1.1589071116490126
412,0.6282320096089973,-0.28071030521788365,-1.9660230957949594,1.2043179311914745,0.9753808390341768,-0.8628819255212755
413,-0.8199724793280804,-1.5389752814445306,-1.226233445581232,1.2043179311914745,0.9753808390341768,-0.8628819255212755
414,-0.2768957959766763,0.7340195143197348,1.0988197408047682,-0.8303455209793849,0.9753808390341768,-0.8628819255212755
415,-0.8199724793280804,-1.0924941608479783,0.4647143263358591,-0.8303455209793849,0.9753808390341768,-0.8628819255212755
416,-0.8199724793280804,0.5310735504122112,-2.0717073315397774,-0.8303455209793849,-1.025240562435285,1.1589071116490126
417,-0.8199724793280804,1.4240357916053155,1.4158724480392229,-0.8303455209793849,-1.025240562435285,1.1589071116490126
418,0.08515532625759312,-0.3212994979993884,1.6272409195288593,-0.8303455209793849,0.9753808390341768,-0.8628819255212755
419,0.08515532625759312,-2.7566510648896725,0.4647143263358591,-0.8303455209793849,-1.025240562435285,-0.8628819255212755
420,-0.8199724793280804,-0.4836562691254073,-0.697812266857141,1.2043179311914745,-1.025240562435285,1.1589071116490126
421,1.8954109374289403,0.44989516484920167,-0.9091807383467775,1.2043179311914745,0.9753808390341768,-0.8628819255212755
422,-0.8199724793280804,-0.3212994979993884,-1.6489703885605047,-0.8303455209793849,-1.025240562435285,1.1589071116490126
423,0.8997703512846992,0.5310735504122112,0.2533458548462227,1.2043179311914745,0.9753808390341768,-0.8628819255212755
424,0.5377192290504299,-0.36188869078089314,-0.0637068523882319,1.2043179311914745,0.9753808390341768,-0.8628819255212755
425,2.4384876207803443,-0.4836562691254073,0.7817670335703136,1.2043179311914745,0.9753808390341768,-0.8628819255212755
426,0.08515532625759312,-0.8895481969404547,0.5703985620806773,1.2043179311914745,0.9753808390341768,-0.8628819255212755
427,-0.8199724793280804,0.9775546710087633,0.7817670335703136,-0.8303455209793849,-1.025240562435285,1.1589071116490126
428,-0.457921357093811,0.4093059720676969,0.0419773833565863,-0.8303455209793849,0.9753808390341768,-0.8628819255212755
429,-0.8199724793280804,0.20636000816017322,-1.3319176813260503,-0.8303455209793849,-1.025240562435285,1.1589071116490126
430,-0.36740857653524367,1.180500634916287,-0.5921280311123228,-0.8303455209793849,0.9753808390341768,-0.8628819255212755
431,0.2661808873747278,0.20636000816017322,-0.27507532387786826,1.2043179311914745,0.9753808390341768,-0.8628819255212755
432,0.809257570726132,-0.6460130402514263,0.2533458548462227,1.2043179311914745,-1.025240562435285,1.1589071116490126
433,2.2574620596632093,0.12518162259716373,0.5703985620806773,1.2043179311914745,-1.025240562435285,-0.8628819255212755
434,0.9902831318432667,-2.39134832985613,0.8874512693151319,-0.8303455209793849,0.9753808390341768,-0.8628819255212755
435,-0.8199724793280804,0.69343032153823,-0.27507532387786826,1.2043179311914745,-1.025240562435285,1.1589071116490126
436,0.08515532625759312,1.2616790204792965,-0.1693910881330501,-0.8303455209793849,-1.025240562435285,1.1589071116490126
437,-0.8199724793280804,-0.36188869078089314,-1.6489703885605047,1.2043179311914745,0.9753808390341768,-0.8628819255212755
438,-0.36740857653524367,-0.686602233032931,-0.27507532387786826,-0.8303455209793849,-1.025240562435285,1.1589071116490126
439,-0.8199724793280804,1.7487493338573532,-1.0148649740915956,-0.8303455209793849,-1.025240562435285,1.1589071116490126
440,1.9859237179875073,0.7340195143197348,-0.0637068523882319,1.2043179311914745,-1.025240562435285,-0.8628819255212755
441,0.9902831318432667,0.9369654782272585,-0.27507532387786826,1.2043179311914745,-1.025240562435285,1.1589071116490126
442,0.08515532625759312,-0.7677806185959405,-0.697812266857141,1.2043179311914745,0.9753808390341768,-0.8628819255212755
443,-0.8199724793280804,0.7340195143197348,0.0419773833565863,-0.8303455209793849,0.9753808390341768,-0.8628819255212755
444,-0.8199724793280804,0.0034140442526495217,0.1476616191014045,-0.8303455209793849,-1.025240562435285,1.1589071116490126
445,0.2661808873747278,-0.19953191965487416,0.1476616191014045,1.2043179311914745,0.9753808390341768,-0.8628819255212755
446,-0.7294596987695131,-0.19953191965487416,1.3101882122944046,1.2043179311914745,-1.025240562435285,1.1589071116490126
447,0.5377192290504299,0.12518162259716373,-0.0637068523882319,1.2043179311914745,0.9753808390341768,-0.8628819255212755
448,-0.8199724793280804,-0.36188869078089314,-0.5921280311123228,-0.8303455209793849,0.9753808390341768,-0.8628819255212755
449,0.2661808873747278,-0.2401211124363789,0.1476616191014045,1.2043179311914745,0.9753808390341768,-0.8628819255212755
450,-0.8199724793280804,0.8963762854457538,0.0419773833565863,1.2043179311914745,-1.025240562435285,1.1589071116490126
451,-0.09587023485954155,0.5310735504122112,1.4158724480392229,-0.8303455209793849,0.9753808390341768,-0.8628819255212755
452,0.809257570726132,0.3687167792861922,0.8874512693151319,-0.8303455209793849,0.9753808390341768,-0.8628819255212755
453,-0.6389469182109457,1.1399114421347822,-1.1205492098364138,-0.8303455209793849,0.9753808390341768,-0.8628819255212755
454,-0.6389469182109457,-0.6460130402514263,2.15566209825295,1.2043179311914745,-1.025240562435285,1.1589071116490126
455,-0.8199724793280804,0.855787092664249,1.0988197408047682,-0.8303455209793849,-1.025240562435285,1.1589071116490126
456,-0.457921357093811,0.5310735504122112,0.3590300905910409,-0.8303455209793849,0.9753808390341768,-0.8628819255212755
457,0.08515532625759312,1.1399114421347822,1.3101882122944046,1.2043179311914745,0.9753808390341768,-0.8628819255212755
458,0.9902831318432667,-1.0113157752849689,2.261346333997768,1.2043179311914745,-1.025240562435285,-0.8628819255212755
459,1.352334254077536,-0.19953191965487416,0.6760827978254954,1.2043179311914745,0.9753808390341768,-0.8628819255212755
460,0.8997703512846992,-1.0924941608479783,1.4158724480392229,1.2043179311914745,0.9753808390341768,-0.8628819255212755
461,0.08515532625759312,-1.7419212453520543,1.3101882122944046,1.2043179311914745,0.9753808390341768,-0.8628819255212755
462,0.9902831318432667,0.24694920094167794,0.1476616191014045,1.2043179311914745,0.9753808390341768,-0.8628819255212755
463,0.9902831318432667,1.2616790204792965,-1.3319176813260503,-0.8303455209793849,0.9753808390341768,-0.8628819255212755
464,0.08515532625759312,-0.28071030521788365,0.0419773833565863,-0.8303455209793849,-1.025240562435285,1.1589071116490126
465,-0.8199724793280804,0.5310735504122112,0.1476616191014045,-0.8303455209793849,-1.025240562435285,1.1589071116490126
466,-0.8199724793280804,0.7340195143197348,-2.283075803029414,-0.8303455209793849,-1.025240562435285,1.1589071116490126
467,0.2661808873747278,-0.6054238474699215,0.8874512693151319,1.2043179311914745,0.9753808390341768,-0.8628819255212755
468,-0.8199724793280804,0.9369654782272585,-2.6001285102638687,-0.8303455209793849,-1.025240562435285,1.1589071116490126
469,-0.8199724793280804,1.9922844905463817,-0.5921280311123228,-0.8303455209793849,-1.025240562435285,1.1589071116490126
470,0.4472064484918624,1.5052141771683247,1.2045039765495864,-0.8303455209793849,0.9753808390341768,-0.8628819255212755
471,0.08515532625759312,1.018143863790268,0.4647143263358591,-0.8303455209793849,-1.025240562435285,1.1589071116490126
472,1.7143853763118053,0.20636000816017322,0.6760827978254954,1.2043179311914745,0.9753808390341768,-0.8628819255212755
473,1.5333598151946708,-0.9301373897219595,1.3101882122944046,-0.8303455209793849,-1.025240562435285,-0.8628819255212755
474,0.9902831318432667,0.12518162259716373,0.4647143263358591,1.2043179311914745,0.9753808390341768,-0.8628819255212755
475,0.17566810681616055,-0.4430670763439026,0.1476616191014045,1.2043179311914745,0.9753808390341768,-0.8628819255212755
476,-0.8199724793280804,0.7340195143197348,0.1476616191014045,-0.8303455209793849,-1.025240562435285,1.1589071116490126
477,-0.7294596987695131,1.3022682132608012,-0.1693910881330501,-0.8303455209793849,0.9753808390341768,-0.8628819255212755
478,0.5377192290504299,-1.0113157752849689,1.6272409195288593,1.2043179311914745,0.9753808390341768,-0.8628819255212755
479,-0.8199724793280804,0.4093059720676969,-0.9091807383467775,1.2043179311914745,0.9753808390341768,-0.8628819255212755
480,0.8997703512846992,-0.7677806185959405,0.3590300905910409,1.2043179311914745,0.9753808390341768,-0.8628819255212755
481,0.809257570726132,-0.84895900415895,2.15566209825295,1.2043179311914745,0.9753808390341768,-0.8628819255212755
482,-0.7294596987695131,0.4093059720676969,-0.1693910881330501,-0.8303455209793849,-1.025240562435285,1.1589071116490126
483,-0.8199724793280804,1.7487493338573532,-1.9660230957949594,-0.8303455209793849,-1.025240562435285,1.1589071116490126
484,-0.8199724793280804,-0.8895481969404547,0.7817670335703136,-0.8303455209793849,0.9753808390341768,-0.8628819255212755
485,-0.8199724793280804,-1.295440124755502,0.4647143263358591,1.2043179311914745,0.9753808390341768,-0.8628819255212755
486,1.4428470346361033,-0.686602233032931,-1.1205492098364138,1.2043179311914745,0.9753808390341768,-0.8628819255212755
487,-0.8199724793280804,0.0034140442526495217,0.0419773833565863,-0.8303455209793849,-1.025240562435285,1.1589071116490126
488,-0.8199724793280804,-0.6054238474699215,0.0419773833565863,-0.8303455209793849,-1.025240562435285,1.1589071116490126
489,-0.2768957959766763,0.8151978998827443,-0.27507532387786826,-0.8303455209793849,-1.025240562435285,1.1589071116490126
490,0.2661808873747278,1.6675709482943437,-0.1693910881330501,-0.8303455209793849,0.9753808390341768,-0.8628819255212755
491,-0.8199724793280804,-1.4983860886630258,0.1476616191014045,-0.8303455209793849,0.9753808390341768,-0.8628819255212755
492,-0.09587023485954155,0.5716627431937159,1.2045039765495864,-0.8303455209793849,-1.025240562435285,1.1589071116490126
493,-0.8199724793280804,1.018143863790268,-0.5921280311123228,-0.8303455209793849,0.9753808390341768,-0.8628819255212755
494,2.2574620596632093,-0.8083698113774452,0.1476616191014045,1.2043179311914745,0.9753808390341768,-0.8628819255212755
495,-0.5484341376523784,0.49048435763070636,-1.0148649740915956,-0.8303455209793849,0.9753808390341768,-0.8628819255212755
496,-0.8199724793280804,0.12518162259716373,0.2533458548462227,-0.8303455209793849,-1.025240562435285,1.1589071116490126
497,-0.8199724793280804,0.9775546710087633,0.6760827978254954,-0.8303455209793849,-1.025240562435285,1.1589071116490126
498,0.5377192290504299,-0.28071030521788365,1.9442936267633137,-0.8303455209793849,0.9753808390341768,-0.8628819255212755
499,-0.8199724793280804,-1.4983860886630258,0.3590300905910409,1.2043179311914745,0.9753808390341768,-0.8628819255212755
500,0.9902831318432667,0.12518162259716373,1.6272409195288593,1.2043179311914745,0.9753808390341768,-0.8628819255212755
501,-0.8199724793280804,1.342857406042306,-0.3807595596226865,-0.8303455209793849,-1.025240562435285,1.1589071116490126
502,0.9902831318432667,-0.6054238474699215,0.0419773833565863,-0.8303455209793849,0.9753808390341768,-0.8628819255212755
503,-0.8199724793280804,0.9775546710087633,-1.1205492098364138,-0.8303455209793849,-1.025240562435285,1.1589071116490126
504,-0.8199724793280804,0.5310735504122112,-0.697812266857141,-0.8303455209793849,-1.025240562435285,1.1589071116490126
505,0.08515532625759312,-0.686602233032931,0.7817670335703136,1.2043179311914745,0.9753808390341768,-0.8628819255212755
506,-0.8199724793280804,-0.7677806185959405,-0.1693910881330501,-0.8303455209793849,-1.025240562435285,1.1589071116490126
507,1.8048981568703728,-1.0113157752849689,1.7329251552736773,1.2043179311914745,0.9753808390341768,-0.8628819255212755
508,-0.8199724793280804,0.855787092664249,-1.754654624305323,-0.8303455209793849,-1.025240562435285,1.1589071116490126
509,1.8954109374289403,0.12518162259716373,0.0419773833565863,1.2043179311914745,0.9753808390341768,-0.8628819255212755
510,-0.8199724793280804,1.342857406042306,-0.9091807383467775,-0.8303455209793849,-1.025240562435285,1.1589071116490126
511,0.9902831318432667,0.8151978998827443,1.7329251552736773,1.2043179311914745,0.9753808390341768,-0.8628819255212755
512,0.9902831318432667,0.7746087071012395,-0.5921280311123228,-0.8303455209793849,-1.025240562435285,1.1589071116490126
513,0.5377192290504299,0.12518162259716373,0.6760827978254954,1.2043179311914745,-1.025240562435285,-0.8628819255212755
514,0.4472064484918624,-1.3766185103185116,0.8874512693151319,-0.8303455209793849,0.9753808390341768,-0.8628819255212755
515,-0.8199724793280804,-1.8230996309150638,1.7329251552736773,1.2043179311914745,0.9753808390341768,-0.8628819255212755
516,0.9902831318432667,0.5310735504122112,0.7817670335703136,1.2043179311914745,-1.025240562435285,-0.8628819255212755
517,-0.8199724793280804,-0.28071030521788365,1.4158724480392229,1.2043179311914745,0.9753808390341768,-0.8628819255212755
518,-0.8199724793280804,-0.7677806185959405,0.0419773833565863,1.2043179311914745,0.9753808390341768,-0.8628819255212755
519,-0.8199724793280804,0.2875383937231827,-0.9091807383467775,-0.8303455209793849,-1.025240562435285,1.1589071116490126
520,1.8954109374289403,-0.28071030521788365,1.521556683784041,1.2043179311914745,0.9753808390341768,-0.8628819255212755
521,-0.8199724793280804,1.342857406042306,-1.754654624305323,-0.8303455209793849,-1.025240562435285,1.1589071116490126
522,-0.8199724793280804,0.12518162259716373,0.0419773833565863,-0.8303455209793849,-1.025240562435285,1.1589071116490126
523,-0.2768957959766763,-0.2401211124363789,0.4647143263358591,-0.8303455209793849,0.9753808390341768,-0.8628819255212755
524,-0.36740857653524367,-0.36188869078089314,1.0988197408047682,-0.8303455209793849,0.9753808390341768,-0.8628819255212755
525,-0.8199724793280804,0.32812758650468743,-0.3807595596226865,-0.8303455209793849,-1.025240562435285,1.1589071116490126
526,-0.8199724793280804,0.0034140442526495217,-1.226233445581232,-0.8303455209793849,-1.025240562435285,1.1589071116490126
527,0.08515532625759312,0.5310735504122112,-1.6489703885605047,1.2043179311914745,0.9753808390341768,-0.8628819255212755
528,-0.8199724793280804,-0.28071030521788365,0.0419773833565863,-0.8303455209793849,-1.025240562435285,1.1589071116490126
529,1.8954109374289403,0.32812758650468743,-0.48644379536750465,-0.8303455209793849,0.9753808390341768,-0.8628819255212755
530,-0.8199724793280804,0.7746087071012395,-0.3807595596226865,1.2043179311914745,-1.025240562435285,1.1589071116490126
531,0.08515532625759312,0.044003237034154256,-1.3319176813260503,1.2043179311914745,0.9753808390341768,-0.8628819255212755
532,2.0764364985460753,1.46462498438682,0.4647143263358591,-0.8303455209793849,-1.025240562435285,1.1589071116490126
533,-0.8199724793280804,0.5310735504122112,-1.5432861528156865,-0.8303455209793849,0.9753808390341768,-0.8628819255212755
534,2.9815643041317488,-0.6054238474699215,-0.27507532387786826,1.2043179311914745,0.9753808390341768,-0.8628819255212755
535,-0.8199724793280804,-0.6054238474699215,-0.9091807383467775,-0.8303455209793849,-1.025240562435285,1.1589071116490126
536,2.529000401338912,0.69343032153823,0.9931355050599501,-0.8303455209793849,-1.025240562435285,1.1589071116490126
537,1.1713086929604015,-1.6607428597890448,1.0988197408047682,1.2043179311914745,-1.025240562435285,-0.8628819255212755
538,0.4472064484918624,0.4093059720676969,0.9931355050599501,-0.8303455209793849,0.9753808390341768,-0.8628819255212755
539,-0.8199724793280804,0.044003237034154256,-0.9091807383467775,-0.8303455209793849,0.9753808390341768,-0.8628819255212755
540,0.5377192290504299,-1.0924941608479783,0.7817670335703136,1.2043179311914745,-1.025240562435285,1.1589071116490126
541,-0.8199724793280804,0.12518162259716373,0.8874512693151319,-0.8303455209793849,-1.025240562435285,1.1589071116490126
542,0.9902831318432667,-0.8895481969404547,-0.5921280311123228,-0.8303455209793849,0.9753808390341768,-0.8628819255212755
543,-0.8199724793280804,0.6528411287567253,-1.3319176813260503,-0.8303455209793849,-1.025240562435285,1.1589071116490126
544,-0.8199724793280804,-2.1478131731671017,0.9931355050599501,1.2043179311914745,0.9753808390341768,-0.8628819255212755
545,0.5377192290504299,-0.2401211124363789,0.5703985620806773,1.2043179311914745,-1.025240562435285,1.1589071116490126
546,2.2574620596632093,0.16577081537866847,1.521556683784041,-0.8303455209793849,0.9753808390341768,-0.8628819255212755
547,0.08515532625759312,0.5716627431937159,1.521556683784041,-0.8303455209793849,-1.025240562435285,1.1589071116490126
548,0.9902831318432667,0.32812758650468743,-0.697812266857141,-0.8303455209793849,0.9753808390341768,-0.8628819255212755
549,-0.8199724793280804,0.5310735504122112,-0.8034965026019593,-0.8303455209793849,-1.025240562435285,1.1589071116490126
550,-0.8199724793280804,-1.6607428597890448,-0.48644379536750465,1.2043179311914745,0.9753808390341768,-0.8628819255212755
551,-0.8199724793280804,-0.7677806185959405,0.4647143263358591,1.2043179311914745,0.9753808390341768,-0.8628819255212755
552,-0.8199724793280804,1.018143863790268,-1.226233445581232,-0.8303455209793849,-1.025240562435285,1.1589071116490126
553,-0.8199724793280804,1.0587330565717727,-0.27507532387786826,-0.8303455209793849,0.9753808390341768,-0.8628819255212755
554,2.9815643041317488,0.32812758650468743,0.5703985620806773,-0.8303455209793849,-1.025240562435285,-0.8628819255212755
555,-0.7294596987695131,0.084592429815659,-0.27507532387786826,-0.8303455209793849,-1.025240562435285,1.1589071116490126
556,-0.8199724793280804,0.9369654782272585,0.6760827978254954,-0.8303455209793849,-1.025240562435285,1.1589071116490126
557,4.248743231951691,-1.0519049680664736,0.1476616191014045,1.2043179311914745,-1.025240562435285,-0.8628819255212755
558,-0.8199724793280804,0.12518162259716373,0.3590300905910409,-0.8303455209793849,-1.025240562435285,1.1589071116490126
559,0.7187447901675645,-0.8895481969404547,0.7817670335703136,1.2043179311914745,0.9753808390341768,-0.8628819255212755
560,0.08515532625759312,0.32812758650468743,0.7817670335703136,-0.8303455209793849,0.9753808390341768,-0.8628819255212755
561,0.08515532625759312,0.7746087071012395,-0.48644379536750465,-0.8303455209793849,0.9753808390341768,-0.8628819255212755
562,-0.457921357093811,0.24694920094167794,-0.0637068523882319,-0.8303455209793849,0.9753808390341768,-0.8628819255212755
563,-0.7294596987695131,0.16577081537866847,0.0419773833565863,-0.8303455209793849,-1.025240562435285,1.1589071116490126
564,-0.8199724793280804,0.9369654782272585,0.1476616191014045,-0.8303455209793849,-1.025240562435285,1.1589071116490126
565,-0.8199724793280804,0.12518162259716373,-0.3807595596226865,1.2043179311914745,-1.025240562435285,1.1589071116490126
566,-0.8199724793280804,0.69343032153823,-1.1205492098364138,-0.8303455209793849,-1.025240562435285,1.1589071116490126
567,2.619513181897479,1.8299277194203627,-1.6489703885605047,1.2043179311914745,0.9753808390341768,-0.8628819255212755
568,0.5377192290504299,0.5310735504122112,1.4158724480392229,-0.8303455209793849,-1.025240562435285,-0.8628819255212755
569,0.08515532625759312,-0.8083698113774452,0.5703985620806773,1.2043179311914745,0.9753808390341768,-0.8628819255212755
570,0.2661808873747278,-0.5648346546884168,0.4647143263358591,1.2043179311914745,0.9753808390341768,-0.8628819255212755
571,0.9902831318432667,-0.8083698113774452,0.7817670335703136,1.2043179311914745,0.9753808390341768,-0.8628819255212755
572,-0.8199724793280804,0.12518162259716373,-1.5432861528156865,-0.8303455209793849,-1.025240562435285,1.1589071116490126
573,0.17566810681616055,0.32812758650468743,1.0988197408047682,-0.8303455209793849,-1.025240562435285,-0.8628819255212755
574,0.9902831318432667,0.9369654782272585,0.3590300905910409,1.2043179311914745,0.9753808390341768,-0.8628819255212755
575,-0.8199724793280804,-0.28071030521788365,1.6272409195288593,-0.8303455209793849,0.9753808390341768,-0.8628819255212755
576,0.4472064484918624,0.69343032153823,0.8874512693151319,1.2043179311914745,0.9753808390341768,-0.8628819255212755
577,0.9902831318432667,0.20636000816017322,0.0419773833565863,1.2043179311914745,0.9753808390341768,-0.8628819255212755
578,0.08515532625759312,0.12518162259716373,-0.48644379536750465,1.2043179311914745,0.9753808390341768,-0.8628819255212755
579,0.3566936679332952,-0.5648346546884168,2.15566209825295,-0.8303455209793849,-1.025240562435285,1.1589071116490126
580,0.08515532625759312,-1.6607428597890448,0.3590300905910409,1.2043179311914745,0.9753808390341768,-0.8628819255212755
581,0.08515532625759312,-0.07776434131035996,-0.0637068523882319,1.2043179311914745,0.9753808390341768,-0.8628819255212755
582,-0.8199724793280804,-0.11835353409186469,0.1476616191014045,-0.8303455209793849,-1.025240562435285,1.1589071116490126
583,3.7056665486002873,0.12518162259716373,-0.3807595596226865,1.2043179311914745,0.9753808390341768,-0.8628819255212755
584,-0.8199724793280804,-0.19953191965487416,-1.3319176813260503,-0.8303455209793849,0.9753808390341768,-0.8628819255212755
585,-0.8199724793280804,1.8299277194203627,-1.3319176813260503,-0.8303455209793849,-1.025240562435285,1.1589071116490126
586,1.2618214735189686,0.044003237034154256,1.3101882122944046,-0.8303455209793849,-1.025240562435285,1.1589071116490126
587,0.6282320096089973,1.46462498438682,-0.27507532387786826,1.2043179311914745,-1.025240562435285,1.1589071116490126
588,0.17566810681616055,-1.0113157752849689,1.2045039765495864,1.2043179311914745,0.9753808390341768,-0.8628819255212755
589,-0.8199724793280804,1.5052141771683247,-1.9660230957949594,-0.8303455209793849,-1.025240562435285,1.1589071116490126
590,1.8954109374289403,-1.0113157752849689,0.8874512693151319,1.2043179311914745,-1.025240562435285,-0.8628819255212755
591,-0.8199724793280804,1.4240357916053155,0.9931355050599501,-0.8303455209793849,-1.025240562435285,1.1589071116490126
592,-0.8199724793280804,-0.7677806185959405,-1.1205492098364138,-0.8303455209793849,-1.025240562435285,1.1589071116490126
593,0.5377192290504299,-0.36188869078089314,-1.3319176813260503,1.2043179311914745,0.9753808390341768,-0.8628819255212755
594,0.9902831318432667,0.69343032153823,0.5703985620806773,1.2043179311914745,0.9753808390341768,-0.8628819255212755
595,-0.2768957959766763,1.0587330565717727,0.3590300905910409,1.2043179311914745,-1.025240562435285,1.1589071116490126
596,0.5377192290504299,-0.686602233032931,-0.0637068523882319,1.2043179311914745,0.9753808390341768,-0.8628819255212755
597,0.2661808873747278,0.6122519359752205,-0.0637068523882319,-0.8303455209793849,-1.025240562435285,-0.8628819255212755
598,0.5377192290504299,-0.4430670763439026,0.3590300905910409,1.2043179311914745,0.9753808390341768,-0.8628819255212755
599,-0.8199724793280804,-0.686602233032931,0.5703985620806773,1.2043179311914745,0.9753808390341768,-0.8628819255212755
600,-0.8199724793280804,1.9922844905463817,-0.27507532387786826,1.2043179311914745,-1.025240562435285,1.1589071116490126
601,-0.5484341376523784,-0.4430670763439026,0.6760827978254954,-0.8303455209793849,-1.025240562435285,1.1589071116490126
602,0.08515532625759312,-0.11835353409186469,0.0419773833565863,-0.8303455209793849,-1.025240562435285,1.1589071116490126
603,-0.7294596987695131,-0.28071030521788365,0.8874512693151319,-0.8303455209793849,-1.025240562435285,1.1589071116490126
604,-0.6389469182109457,0.0034140442526495217,0.0419773833565863,-0.8303455209793849,-1.025240562435285,1.1589071116490126
605,-0.8199724793280804,1.8299277194203627,-1.5432861528156865,-0.8303455209793849,-1.025240562435285,1.1589071116490126
606,-0.8199724793280804,1.6675709482943437,-1.226233445581232,-0.8303455209793849,-1.025240562435285,1.1589071116490126
607,-0.8199724793280804,-0.8895481969404547,0.7817670335703136,1.2043179311914745,-1.025240562435285,1.1589071116490126
608,0.08515532625759312,0.20636000816017322,-1.0148649740915956,-0.8303455209793849,0.9753808390341768,-0.8628819255212755
609,-0.6389469182109457,0.69343032153823,-2.0717073315397774,-0.8303455209793849,-1.025240562435285,1.1589071116490126
610,-0.8199724793280804,-1.0519049680664736,-1.3319176813260503,-0.8303455209793849,-1.025240562435285,1.1589071116490126
611,-0.8199724793280804,-0.7271914258144357,0.5703985620806773,1.2043179311914745,0.9753808390341768,-0.8628819255212755
612,0.9902831318432667,0.5310735504122112,-0.27507532387786826,-0.8303455209793849,0.9753808390341768,-0.8628819255212755
613,-0.8199724793280804,-0.84895900415895,-0.3807595596226865,-0.8303455209793849,-1.025240562435285,1.1589071116490126
614,-0.8199724793280804,-1.295440124755502,0.7817670335703136,1.2043179311914745,0.9753808390341768,-0.8628819255212755
615,0.2661808873747278,0.9369654782272585,0.0419773833565863,-0.8303455209793849,-1.025240562435285,1.1589071116490126
616,-2.6302280904994273,-1.5795644742260353,0.2533458548462227,-0.8303455209793849,0.9753808390341768,-0.8628819255212755
617,-0.8199724793280804,-1.1736725464109878,2.261346333997768,-0.8303455209793849,0.9753808390341768,-0.8628819255212755
618,-0.8199724793280804,-0.686602233032931,-0.1693910881330501,-0.8303455209793849,0.9753808390341768,-0.8628819255212755
619,-0.36740857653524367,0.49048435763070636,-0.27507532387786826,-0.8303455209793849,-1.025240562435285,1.1589071116490126
620,-0.36740857653524367,0.044003237034154256,0.4647143263358591,-0.8303455209793849,-1.025240562435285,1.1589071116490126
621,-0.09587023485954155,-0.4430670763439026,-0.48644379536750465,-0.8303455209793849,-1.025240562435285,1.1589071116490126
622,-0.8199724793280804,-0.28071030521788365,-1.6489703885605047,-0.8303455209793849,-1.025240562435285,1.1589071116490126
623,-0.8199724793280804,-0.686602233032931,1.3101882122944046,1.2043179311914745,0.9753808390341768,-0.8628819255212755
624,0.08515532625759312,0.0034140442526495217,0.7817670335703136,1.2043179311914745,0.9753808390341768,-0.8628819255212755
625,-0.8199724793280804,0.2875383937231827,-1.3319176813260503,-0.8303455209793849,-1.025240562435285,1.1589071116490126
626,-0.8199724793280804,-1.5795644742260353,0.9931355050599501,1.2043179311914745,-1.025240562435285,1.1589071116490126
627,0.9902831318432667,0.20636000816017322,-0.0637068523882319,1.2043179311914745,0.9753808390341768,-0.8628819255212755
628,0.5377192290504299,-2.0666347876040922,0.7817670335703136,-0.8303455209793849,0.9753808390341768,-0.8628819255212755
629,1.352334254077536,0.24694920094167794,0.6760827978254954,-0.8303455209793849,-1.025240562435285,1.1589071116490126
630,0.5377192290504299,-1.5795644742260353,-0.697812266857141,1.2043179311914745,0.9753808390341768,-0.8628819255212755
631,1.4428470346361033,-0.4836562691254073,0.1476616191014045,1.2043179311914745,0.9753808390341768,-0.8628819255212755
632,-0.8199724793280804,0.084592429815659,-0.1693910881330501,-0.8303455209793849,-1.025240562435285,1.1589071116490126
633,-0.8199724793280804,-1.782510438133559,0.8874512693151319,1.2043179311914745,0.9753808390341768,-0.8628819255212755
634,-0.8199724793280804,0.20636000816017322,-1.1205492098364138,-0.8303455209793849,-1.025240562435285,1.1589071116490126
635,-0.09587023485954155,1.6675709482943437,-1.226233445581232,-0.8303455209793849,-1.025240562435285,1.1589071116490126
636,-0.8199724793280804,-0.07776434131035996,-1.0148649740915956,-0.8303455209793849,-1.025240562435285,1.1589071116490126
637,-0.8199724793280804,-1.0924941608479783,-0.5921280311123228,-0.8303455209793849,-1.025240562435285,1.1589071116490126
638,-0.8199724793280804,0.12518162259716373,-0.9091807383467775,-0.8303455209793849,-1.025240562435285,1.1589071116490126
639,0.4472064484918624,0.2875383937231827,0.6760827978254954,1.2043179311914745,-1.025240562435285,1.1589071116490126
640,-0.8199724793280804,-0.7677806185959405,0.6760827978254954,1.2043179311914745,-1.025240562435285,1.1589071116490126
641,0.9902831318432667,-0.28071030521788365,-1.4376019170708685,-0.8303455209793849,0.9753808390341768,-0.8628819255212755
